{
  "controller/App-dbg.controller.js": 1751690492855,
  "controller/DetailEmployee.controller.js": 1752296376255,
  "controller/ListEmployee.controller.js": 1752295065739,
  "model/models.js": 1752296682742,
  "controller/CreateEmployee.controller.js": 1752291255597,
  "controller/App.controller.js": 1751690492855,
  "manifest.json": 1751707542024,
  "Component.js": 1752292255730,
  "controller/ListEmployee-dbg.controller.js": 1752295065739,
  "controller/ListEmployee.controller.js.map": 1752657957001,
  "controller/DetailEmployee-dbg.controller.js": 1752296376255,
  "controller/DetailEmployee.controller.js.map": 1752657957006,
  "model/models-dbg.js": 1752296682742,
  "model/models.js.map": 1752657956997,
  "controller/CreateEmployee-dbg.controller.js": 1752291255597,
  "controller/CreateEmployee.controller.js.map": 1752657957003,
  "i18n/i18n.properties": 1751690492851,
  "controller/App.controller.js.map": 1752657956999,
  "Component-dbg.js": 1752292255730,
  "Component.js.map": 1752657957001,
  "Component-preload.js": 1752657957090,
  "Component-preload.js.map": 1752657957090,
  "view/ListEmployee.view.xml": 1752293138002,
  "view/DetailEmployee.view.xml": 1752296536393,
  "view/CreateEmployee.view.xml": 1751690625007,
  "view/App.view.xml": 1751690492859,
  "css/style.css": 1751690723812,
  "index.html": 1751690492847
}