{
  "css/style.css": 1751690723812,
  "Component.js": 1751690492847,
  "controller/ListEmployee.controller.js": 1751690876881,
  "controller/DetailEmployee.controller.js": 1752042002758,
  "controller/CreateEmployee.controller.js": 1752034771719,
  "controller/App.controller.js": 1751690492855,
  "manifest.json": 1751707542024,
  "model/models.js": 1751690492855,
  "controller/CreateEmployee-dbg.controller.js": 1752034771719,
  "controller/CreateEmployee.controller.js.map": 1752055874223,
  "controller/ListEmployee-dbg.controller.js": 1751690876881,
  "controller/ListEmployee.controller.js.map": 1752055874221,
  "controller/DetailEmployee-dbg.controller.js": 1752042002758,
  "controller/DetailEmployee.controller.js.map": 1752055874227,
  "Component-dbg.js": 1751690492847,
  "Component.js.map": 1752055874213,
  "controller/App-dbg.controller.js": 1751690492855,
  "controller/App.controller.js.map": 1752055874215,
  "model/models-dbg.js": 1751690492855,
  "model/models.js.map": 1752055874217,
  "Component-preload.js": 1752055874432,
  "Component-preload.js.map": 1752055874432,
  "view/ListEmployee.view.xml": 1751690768928,
  "view/DetailEmployee.view.xml": 1751690593767,
  "view/CreateEmployee.view.xml": 1751690625007,
  "view/App.view.xml": 1751690492859,
  "i18n/i18n.properties": 1751690492851,
  "index.html": 1751690492847
}